{
    "LogisticRegression": {
        "roc_auc": 0.9241379310344828,
        "accuracy": 0.9230769230769231,
        "precision": 0.9333333333333333,
        "recall": 0.9655172413793104,
        "f1": 0.9491525423728814
    },
    "RandomForest": {
        "roc_auc": 0.9620689655172414,
        "accuracy": 0.9230769230769231,
        "precision": 0.9333333333333333,
        "recall": 0.9655172413793104,
        "f1": 0.9491525423728814
    },
    "SVM": {
        "roc_auc": 0.9551724137931035,
        "accuracy": 0.9230769230769231,
        "precision": 0.90625,
        "recall": 1.0,
        "f1": 0.9508196721311475
    },
    "KNN": {
        "roc_auc": 0.9637931034482758,
        "accuracy": 0.9230769230769231,
        "precision": 0.9333333333333333,
        "recall": 0.9655172413793104,
        "f1": 0.9491525423728814
    },
    "XGBoost": {
        "roc_auc": 0.9758620689655172,
        "accuracy": 0.9230769230769231,
        "precision": 0.9333333333333333,
        "recall": 0.9655172413793104,
        "f1": 0.9491525423728814
    },
    "LightGBM": {
        "roc_auc": 0.9517241379310345,
        "accuracy": 0.9230769230769231,
        "precision": 0.9333333333333333,
        "recall": 0.9655172413793104,
        "f1": 0.9491525423728814
    },
    "CatBoost": {
        "roc_auc": 0.9827586206896551,
        "accuracy": 0.9487179487179487,
        "precision": 0.9655172413793104,
        "recall": 0.9655172413793104,
        "f1": 0.9655172413793104
    },
    "NeuralNet": {
        "roc_auc": 0.9827586206896552,
        "accuracy": 0.9487179487179487,
        "precision": 0.9655172413793104,
        "recall": 0.9655172413793104,
        "f1": 0.9655172413793104
    }
}